total_amount,type,month
1106921.37,actual,Jan
1025622.5,actual,Feb
1167632.7,actual,Mar
1185640.17,actual,Apr
1228020.23,actual,May
1165083.08,actual,Jun
1017706.35,actual,Jul
825974.7862267747,forecast,Aug
907039.5391512756,forecast,Sep
954044.7395716019,forecast,Oct
